account_number,transaction_amount,account_age_days,device_trust_score,location_distance_km,previous_fraud_reports,transactions_last_hour,is_fraud
75682867,8798.428242197038,202,0.2768143077913058,75.69972730978746,1,6,0
66755036,5004.69390139926,701,0.9715326909010508,387.8260899169312,0,7,0
66882282,7440.46302027655,193,0.3313470071030507,803.5376594626034,4,0,1
31081788,5774.193407648148,494,0.4820410581120825,901.7740285462288,2,4,1
23315092,9977.15689764605,526,0.1960977127383929,203.47274249759585,4,1,1
45788921,7548.790888384345,729,0.6107800710757683,66.97361202527152,2,1,0
36735830,7099.1065663102445,424,0.2806832155159743,877.3504531328387,3,0,0
41632483,7807.862196602436,732,0.2069925784384267,389.4049389788753,1,4,0
86737383,1516.9670569298492,946,0.5165726284459791,541.7609642675633,3,1,0
98358551,2124.9914723776865,337,0.0055057991604208,968.065812050759,2,3,0
98409749,7169.23441401378,797,0.0076640326492253,66.56472791422286,2,2,0
14981505,4990.41672259554,212,0.2190688091018577,648.3180074520956,2,2,0
23953367,7570.889389415154,658,0.0367213625008211,74.10542257486708,0,1,0
95652971,1118.8687043670357,823,0.1080257541306913,375.4689284665004,1,5,1
14521373,5411.165379697488,539,0.3388606493387516,803.8145451934467,3,1,0
13344769,3850.333499013466,737,0.8025856795798129,433.4722327556344,3,7,0
86893497,4624.302170888615,575,0.5720486433693008,997.1823539029504,4,7,0
40349564,6079.182933517874,593,0.5126677259564164,559.0592849466021,2,4,0
52860080,5072.654639879049,653,0.2934888232081216,321.1621526359535,2,9,0
87751354,5444.620307417084,793,0.9317537194328164,220.11132590475316,2,6,0
72250665,4914.9390717565175,623,0.3970150412371916,350.5205342861618,3,3,0
76209791,4148.656253146382,773,0.0870927667957714,372.5332737595508,4,0,0
56792155,7741.631607922626,256,0.6170665161178013,68.71367772396097,0,1,0
31498555,220.8104159486407,774,0.1138383934766014,369.5741994267732,1,9,0
70221198,6024.582741931748,762,0.3452231428016921,464.2385197392249,0,9,0
89757501,5698.5326384974405,465,0.5074119387178089,722.7377522388047,3,3,0
26861870,7190.172839856226,954,0.8742225246851758,656.729484721608,2,0,0
62286002,6030.390711295532,451,0.4935465803401186,708.7656552291543,1,7,1
42049003,8285.308395309876,583,0.7022587660316643,8.363681876857099,3,8,0
71136438,9594.840466183876,50,0.9928168389990704,217.66739958053608,3,3,1
72194931,3490.99014606758,583,0.1314891198979816,661.6842883998565,3,9,0
75285250,2350.774731996872,426,0.2747315255195195,483.9893681797472,1,2,1
79537252,4293.608937962781,654,0.3945760755976464,5.313475668345946,1,1,0
69248434,2950.5032031096885,134,0.4218281785388313,804.4946424318223,4,4,0
71306900,6188.007605211279,221,0.4110210752655457,772.8095732903374,4,2,1
65831368,9127.33884754535,46,0.9076110025565548,548.4191629935626,0,9,0
20959014,1477.2503220163126,149,0.7140326444668564,66.46332577627211,1,6,0
66972561,1097.8665698572763,422,0.6079052140907037,766.5150495325846,1,5,0
58900483,2634.553765351256,454,0.3093727178627821,583.713587731364,1,0,0
30193880,7288.346302017768,158,0.8237903842212947,781.9599771579592,4,7,0
13385357,5970.332762062333,159,0.9550605114849888,751.7469923958404,3,1,0
54738553,1111.9053758294758,601,0.8211982825502265,803.0020719578371,2,4,0
78574553,9195.63017038139,589,0.0015651051914729,518.0080664046249,4,8,0
26845364,7921.837907528458,58,0.636401370183407,140.324518193515,1,7,0
62157313,327.92378739761136,126,0.0511353814421007,671.1574733796887,4,1,0
21392366,6548.535388783636,39,0.2576072203337218,620.4737850519706,0,8,0
79778859,7735.342018345406,271,0.0595247003477716,742.2531871990872,1,4,0
98883975,3806.910160232178,855,0.6037954529493877,169.8810060507353,0,9,0
23479854,782.323239735466,985,0.6865899134926068,194.97519990028923,1,5,0
83506850,865.4785483389938,261,0.1144876380659051,890.4095172193284,4,2,0
23187277,1132.044963912914,818,0.3838388830449795,749.9777984520708,3,2,0
78979792,8420.352356606187,313,0.456236508955542,908.2284887003228,2,9,0
47709731,9115.79336273156,744,0.3690530217609166,758.7153211639207,0,7,0
36939239,1315.8267402727645,788,0.121025000485193,597.1553059903018,4,9,0
33027075,2435.469742491304,831,0.4189477901874754,654.1327370278736,3,9,0
91200125,1738.6530526361687,805,0.7511780478084181,889.12792394001,4,1,0
96191493,1944.5767069917947,984,0.0710076645332554,578.8067545119405,0,1,0
97796277,8391.158811124671,755,0.0801800140819034,632.3913243283874,2,4,0
76401385,3388.2494852838954,229,0.3547712918359842,156.4767160036006,4,5,0
32335235,3183.298214051848,974,0.941725711618925,473.9212201161027,1,1,0
10271836,2351.216646683415,108,0.668572646722914,716.397111958099,3,4,1
13584702,6118.154498563161,942,0.6786699566725648,270.9426983163654,4,6,0
62631083,3855.1264140169337,985,0.3619199908378649,202.2541805245349,3,9,0
18585377,7468.071553248559,884,0.5936607912085384,313.8268082244156,1,9,0
96544585,2135.2401029188118,885,0.0101311840277433,241.50062799283344,2,7,0
95157821,7899.119898273475,202,0.6360960464095422,214.91263703639584,2,6,0
97655395,6076.843164128376,496,0.9132869475762369,424.8508428680869,1,7,0
27824013,1231.2462705513087,610,0.6125734683448192,907.838513883534,3,8,1
46601694,4203.595383615914,445,0.873698593466345,507.0596467387183,4,4,0
77105583,8648.829592068274,969,0.7239730554660938,187.92038081532303,1,4,0
70304654,9237.306294805,478,0.1205584164036902,76.97166938087408,0,9,0
44119117,4710.431210956251,116,0.9024533072858416,696.1561451379253,3,3,0
46433622,4860.286083081828,130,0.0664438443557748,382.79876443638784,2,8,0
99482491,9192.70177689908,37,0.5339674725477638,821.8309465853592,1,4,0
70031992,5911.975418952015,874,0.1421371237934576,659.5107686407702,2,1,0
65105831,425.1820354100397,229,0.011706610730904,796.2414505413685,3,9,0
13366612,9136.219682503375,534,0.422034260127639,271.9460394184488,2,7,1
68743503,2557.441783295804,116,0.2950407076541562,692.3589224610581,1,6,0
46258670,5818.5563455063175,72,0.486000493797603,264.0619846937188,3,7,0
79739572,1738.5818425369407,414,0.5771998867345508,939.0684794502916,0,2,0
65848857,435.4036864412904,650,0.0437390723089473,636.3742815333744,1,3,0
67055419,3183.5843942142983,464,0.1230032951237456,324.5118001753421,4,4,0
59160571,7826.907504706268,437,0.5586423964504253,269.51186229227267,1,5,0
78394024,2848.1130090312395,512,0.3431673531726582,190.9265850716435,3,0,0
74525468,2278.962419402861,693,0.729173487549448,694.6409588937278,1,3,0
99966606,2205.5397649781403,46,0.6522916485919397,218.7156129979273,0,9,0
48727468,5200.219455827445,674,0.8456043629899068,595.3032659274891,0,4,0
61757120,9757.859025259288,177,0.6924928266692253,264.6350269253573,4,6,1
77157848,4643.990981368429,306,0.4299310773901481,661.9689447938686,2,4,0
87897542,5617.323152011474,261,0.6729666223944324,814.9397285405392,3,0,0
83665032,8620.256977118266,855,0.2753811742554185,778.0252431446531,3,6,0
95390464,5397.190217443221,956,0.3063134987782127,760.8513309307817,2,7,0
58170987,1926.1824270466752,395,0.7889851599207933,187.72240569225207,0,6,0
62562567,3065.9995264881227,257,0.4464195164015822,88.3849469845187,0,3,1
33717335,3168.375570059248,680,0.7983803405183525,698.9488284873856,1,7,0
70472382,4033.449343030219,465,0.8224223736682784,368.3472137943513,4,4,0
22719242,4325.210162833819,428,0.8575623376612838,432.3462264033473,4,9,1
58715250,8017.842018535267,240,0.9166352358412072,31.149092793391063,4,8,0
93139152,3558.9312905883967,420,0.4309852205132962,259.5764492750492,1,9,0
54054178,4735.495101569655,528,0.3188668183211388,33.67640387446402,4,4,0
48334882,6287.262271805417,569,0.5821987465941139,879.1857726012477,2,0,0
62441466,3839.486879657676,592,0.3711724234376276,243.39668321853048,1,8,0
59583876,8381.991651594095,520,0.601074166800233,557.337169573008,2,4,0
96117865,5915.790681917336,471,0.7055858626438246,38.979320661130416,1,5,0
73203558,3011.042324287618,290,0.6884050184921369,666.8473913056581,4,3,0
47407771,7169.186077919299,802,0.3745528870201213,323.02734575409386,2,5,0
93122310,5323.71252843338,379,0.1668602016987528,897.9191869576658,2,7,0
37009224,5391.113323446744,381,0.4305293384622075,888.1181889340359,2,2,0
61327755,4862.770689037101,549,0.1425941440819087,325.29061836174776,1,4,0
89018913,5020.4182933303655,349,0.8900970351838083,900.960895690468,3,1,1
17130144,7677.027182555782,167,0.3458774607378574,996.1576734987788,4,1,0
14545583,1119.5166453800236,579,0.1544597472233237,825.4156641239481,2,6,0
64079037,3410.1918319737733,652,0.0254477599057508,844.871347755229,3,9,0
64474455,847.4833016585033,397,0.6458223862864843,249.0087361090899,4,9,0
51542436,7557.137585399763,249,0.6369023174547432,576.7023988577563,4,9,0
56626914,2795.7883617309644,366,0.3406041665812916,67.25591396736786,2,5,0
63933927,8984.561057206955,252,0.071711888847651,94.91793682166973,2,3,0
62453338,5313.126819927008,677,0.409628894895232,998.8926120332906,1,4,0
24881728,8027.422737712598,797,0.3112174950633936,326.6392494259109,3,0,0
44045666,9791.421212598016,389,0.6771206397350094,748.1839120488464,3,6,0
22722094,8413.909708620049,950,0.6057792494526903,806.6650530268165,2,7,0
32178434,8683.238224114082,358,0.36459372819754,858.0232710072291,4,8,0
56321408,4139.046504111962,991,0.2178925542549901,997.6282974021564,2,7,0
22796932,5562.053693067463,492,0.988035966155592,241.49648525686783,4,4,1
84023414,2613.496784028712,975,0.4540016211961148,40.35082685969971,4,2,0
36063245,2041.5196869651827,992,0.688274235780237,411.191517994586,2,9,0
49443226,5104.528003149734,590,0.1405529675783607,130.08066982894695,0,8,0
83619289,5990.984899034163,833,0.4855896996593978,22.425889162055125,3,5,0
17887739,3458.7853343722904,411,0.0275367198694654,360.4268271414861,4,4,0
70736972,5737.490825858653,865,0.50545511791045,783.7382510752365,4,2,0
71071026,8885.858776883679,619,0.9640174071177025,566.1806912250709,0,5,0
10769598,5611.543689355324,646,0.3842067129858002,312.77798921035406,1,2,0
99178975,7236.049653474015,198,0.0389960125749115,654.3420054927197,0,9,0
59007334,8072.618176843261,246,0.0309557909193435,232.0181803088107,0,5,0
38433648,9888.414941358884,407,0.3879867599468695,14.381446072085025,4,3,0
17971379,6071.654281552098,148,0.160024936463194,764.3533864364274,3,1,0
13331068,8087.816474729601,219,0.0233520963281859,623.7430848640091,0,7,0
46810847,9630.22825369326,796,0.7562136139501768,762.30262450096,1,3,0
44428803,9449.656283215008,399,0.4585230088818907,38.93801668766561,2,8,0
15654237,1496.7103028993645,807,0.2892447719726545,837.1196278306522,0,6,0
71553124,4123.283851907868,178,0.9000831830164807,619.5262000363033,0,1,0
55816038,3307.5016049573164,705,0.1161389602005256,563.3953507126402,1,3,1
27750764,960.5576480084584,681,0.9559188289553192,624.6140481145316,3,4,0
46898446,6369.0836716185095,888,0.3139667173773528,864.4332468683641,0,2,0
33841962,7385.455670640423,517,0.8884036723086812,586.936506558907,0,8,0
76834972,8496.468145122146,799,0.6029428764794615,580.9503798881793,3,4,0
53156515,1315.491207660814,403,0.8267073597414875,990.6791570657658,1,1,0
32993420,8776.796351165409,810,0.9840131632104644,756.730167068568,0,2,0
72190751,6464.963079781107,722,0.2884054378187457,442.29380545113526,3,8,0
31970758,7069.066737871243,189,0.961135485407593,707.3970000329277,0,6,0
46513466,9115.177635049007,380,0.3894818949024203,389.23047169178847,2,1,0
41288562,6285.136583328185,941,0.3855119047369223,228.875462483499,4,8,0
31351509,3425.0719857833674,317,0.3403871042545057,596.8518768877594,2,3,0
33484187,8268.562581084332,317,0.5414076073475852,928.1820981139516,0,8,1
71777469,3694.286200731396,921,0.1541450431784871,929.1395200154628,1,1,0
46093880,438.8582971232384,255,0.5537114853580112,341.9052781054903,4,9,0
60441204,8323.479614995973,552,0.541704812410004,527.677466221695,2,3,1
91752859,3517.4022343246284,551,0.76190181260487,211.6358985698612,3,4,0
54066131,7760.961779693269,812,0.8336499619375856,995.6311094988836,1,1,0
85415325,3691.30315719286,302,0.440441350312424,981.1179078679356,2,9,1
45563453,8624.573397749744,965,0.3023332493514937,649.5089297074474,3,0,0
44755914,2273.1541983014918,431,0.2593348973170944,804.4140596774733,0,6,0
60873983,9748.017925468812,212,0.1946238367048719,715.1001612837,3,9,0
63892568,7819.611870401505,998,0.0576475821990248,593.1582190394682,2,0,0
33637222,1230.9554666119286,694,0.3424479788347133,53.34799698889769,2,7,0
12484413,5701.188537668949,517,0.2702476921307832,454.76434255266105,0,2,0
80016224,9855.136391193171,856,0.9664173858664074,674.7863021674106,3,9,0
49449976,4763.547981668762,875,0.5577088262500439,677.5316138836847,3,5,1
99583549,1902.860674333674,153,0.3472770390305075,373.1226184223836,0,6,0
12235000,4899.305834788427,655,0.580467600993696,941.6919866580306,3,9,0
33685747,5173.330793231024,819,0.1391967013456955,167.357032236781,0,0,0
47876684,7442.700747863789,443,0.4440437492022029,500.35944621556064,1,5,0
82931048,7018.573946292954,754,0.6262343214210638,690.8839765508228,2,6,0
39859174,4085.245431610108,201,0.4888978317924514,697.1358058918092,1,5,0
46102853,2258.428764191456,317,0.4017788006543242,648.6389567688155,4,3,0
56159303,6486.036260916361,464,0.9938483888996982,275.28821345186014,4,0,0
22195226,4274.86895207749,715,0.880314762148927,156.20656868662198,4,8,0
57936136,1409.534490140771,142,0.6234059581594401,635.9403268267108,0,3,1
79062973,9015.665782240218,917,0.5693773611822828,599.3021161394378,3,6,1
24421668,6943.096390335579,946,0.620660479824584,179.35601028924097,1,6,0
31200096,6863.520178810266,151,0.2013121078224332,705.1391455705633,1,1,0
93375337,8243.580371525572,573,0.3951377432643186,455.1719917336564,1,0,0
33234510,5343.650618685303,251,0.0394595328908993,667.7605916031529,1,7,0
61715898,8169.038841184325,660,0.4755460374868266,837.3670797701507,4,7,0
55968757,5031.098459758957,68,0.5430245839576632,169.72842857692316,1,6,1
10061087,765.0364591655299,526,0.2277497361032096,19.14486799683668,3,7,0
90705119,4111.956071474118,809,0.9640288471655136,779.1025863957868,4,2,0
76653416,5024.902450400917,262,0.909454610937242,609.6974251526159,1,1,0
95382256,7230.005558159728,972,0.7221432354559059,699.6395696221217,0,6,0
20274621,1155.129428273876,559,0.5333866287653626,838.1549749886426,2,7,0
23022704,1486.1835327384451,178,0.869969159647685,802.8109348245005,2,0,0
26816569,2710.469646082702,426,0.1306523438234629,960.9201469288248,2,9,0
17654909,2738.334094371734,690,0.790509794274885,535.9350788521182,4,8,1
47814054,7348.627326744718,667,0.1248208139668483,488.49563265990537,1,3,1
94302960,2582.233539559818,933,0.7942106625494054,401.8871998907301,4,3,0
25421040,6367.67082723873,331,0.2757675682513569,153.69104284420453,3,2,0
34210512,4993.311116368887,389,0.8770905810181889,572.6072328820225,0,5,0
82073914,5775.614343976066,267,0.9440420938253978,277.0125243259788,0,0,0
77922032,8397.258935465128,676,0.1487959694051156,921.3075122129754,2,5,0
43779713,4103.37686533534,692,0.4626756050653935,583.1908042770975,2,1,0
21506305,7732.022632936278,265,0.9809873781626852,592.8401805081102,2,8,0
30560091,4278.156989551805,765,0.4834074359731466,354.92466087701,1,1,0
96881845,3603.3266279563695,232,0.8635475225145451,51.989351977707486,3,6,0
17734102,9590.409055400884,285,0.5887315221313199,31.74376537298862,3,0,0
15674719,1925.272114721736,627,0.3753299079196018,423.3351441531975,3,6,0
18658144,994.335909718318,691,0.2857835555258702,84.56537809723785,3,4,0
50163712,7732.760662801237,264,0.2032230910860872,606.8469555401391,2,7,0
99386386,775.6720830055067,374,0.7617981913776972,880.9730056396575,0,3,0
95447809,8387.08200795999,563,0.3865405068230279,882.9148165187222,2,9,0
98917675,4428.214623936711,889,0.5112754622007512,659.0454101322324,3,6,0
54165849,9163.58540518995,826,0.4923254800011819,211.23183147293105,2,5,0
82586911,7243.175325106866,810,0.5772790292331312,862.9968313588721,3,4,0
78227907,6143.00620337878,495,0.8655771456245522,886.0934353132081,4,3,0
88826934,9498.13729087188,799,0.9807393435834294,196.6535849529587,0,6,0
59905866,4026.8287932153376,570,0.4075842085738169,737.4260857706772,4,4,0
91121402,9545.460671742369,242,0.8275189221063031,286.51954892712297,1,4,0
50657662,1436.5126464699483,492,0.7645277946547177,802.6403123529296,2,0,0
16659908,4889.173925130886,465,0.5735289514555733,997.2378999036026,1,1,0
41378291,2772.1211016827297,312,0.9560471436119332,30.026005329392813,2,4,0
73020641,5444.443511191115,591,0.2004745155284027,897.3658657909319,4,2,0
46634821,1703.9373911266878,636,0.1092642103096214,622.6305335986581,3,1,0
29433354,8431.14363706943,492,0.8539619669554221,973.3826191648212,3,3,0
26887294,8479.437708214116,436,0.4391498166337483,465.0095175264276,2,3,0
83422991,9556.839495962442,117,0.8469688542070605,847.3879305713738,3,3,0
45562619,1631.2541947440386,73,0.8930902051954149,62.39406859827723,4,3,0
45213498,6270.992253959408,490,0.0624575936190714,335.2790500782957,3,2,0
45703247,4794.949356133659,307,0.8834647629860607,67.01653775120997,4,6,0
50910172,3509.398947237909,712,0.4483190553694222,975.3431334790704,1,8,0
72744322,3580.2475952287664,450,0.5104324890042322,816.9739072718368,4,4,0
67805563,4186.656151006848,730,0.6265925110932102,852.5474212459704,0,3,0
16404003,7078.762941920635,382,0.9263826067300868,937.9652314338942,0,1,0
81244178,6023.031976854731,725,0.019116094429764,85.10348611978536,0,1,0
61939266,4650.846976335198,544,0.4768434683178171,385.5975925133334,2,4,0
43267858,851.7407626592587,732,0.6877220424305607,71.03488904400213,2,6,0
31114003,869.8769063816751,659,0.7227069576982285,210.7931015500286,2,9,0
96641503,123.15996719520476,48,0.692532431537108,229.3657770376724,4,9,0
20421958,9680.223943250156,52,0.1344351294081218,469.1072110475787,2,8,0
87809459,152.01280372801065,442,0.2993955883716812,268.5621674536426,1,6,0
22984808,1120.6280855360742,59,0.3587155254170134,100.97810681776107,0,4,0
24764960,3214.505912413168,836,0.804437207679505,167.4910890941077,4,9,0
60402943,8093.559492985936,137,0.278759872414553,147.27556355209092,0,9,0
86241446,9624.777979064766,396,0.2107049638672031,973.0767979122984,2,9,0
63777024,7921.134232039375,310,0.9574480190380962,759.2925069184736,4,5,0
93494666,6936.546301211842,157,0.0088632851134689,967.761465269562,3,2,0
80721464,5260.876607394337,258,0.9978208556819782,439.7404865079085,1,4,1
94711896,958.3815974356176,140,0.6768212988573956,278.3684816626566,2,7,0
89214742,9585.890850738911,165,0.8284692994491171,798.2931972091867,2,0,0
53799966,7608.084898062247,391,0.2946193963461931,326.2539180411468,1,0,0
20047453,6425.598914809192,215,0.0143152776670599,299.3833737053483,1,6,1
45581225,7614.454870834614,685,0.73786951856153,232.5059922078312,3,4,0
44109026,7268.622959804072,613,0.8341445970006758,129.67897822423535,2,4,0
52090758,6408.59263991592,158,0.7404761319535191,256.46306101676595,2,0,0
26037627,9807.710321781882,905,0.1428502873008386,355.31974847388767,0,8,0
90337039,9043.301745096647,290,0.7534279222569691,673.9942081457305,4,0,1
30281689,6501.982699259917,544,0.768922782107641,62.56484221945158,4,4,0
67631343,6962.434593423555,478,0.6585405156700549,210.5069396653429,0,9,0
81450611,610.798485921229,929,0.7661159327955862,809.0236402916764,4,8,0
56510960,6732.182899045388,133,0.8459214396777321,146.92192358377076,1,3,0
42797855,537.2378333299918,512,0.6136041142374584,342.64514652252154,4,7,0
44795514,5923.811194002317,253,0.088604713969679,864.65892185814,4,5,0
15184502,9993.599645701765,861,0.4876278096672108,154.92531114344266,0,2,0
33448674,5602.485156228078,903,0.077649334671605,82.7368356181899,3,3,0
65223954,4784.780169005201,895,0.4075430310324308,484.5379950800108,4,1,0
40948143,3197.2630794053166,520,0.4071064891256276,302.4195112785364,4,0,0
22503247,1293.173529985998,502,0.0660098441402415,563.4083644838541,3,7,0
64006163,7337.134347436988,39,0.3488205339694793,803.8048904834751,0,0,0
61910807,2006.7303750777407,434,0.1109980987913148,137.14848815274317,3,0,0
64847136,1241.2920103481154,925,0.8082352100092222,580.699084554285,0,3,0
83150359,4275.450331332074,331,0.9476880259644708,505.508760389864,1,9,0
40831219,7973.884195795064,260,0.0723164752579386,144.07878601319956,0,9,0
33101383,7476.139026390182,760,0.9551152072917014,623.9984855289824,1,5,0
27569187,643.3378850001018,952,0.5225765993367452,273.64041786077166,1,8,0
64710375,4605.922481857945,95,0.2995656779538739,487.8343185440125,0,0,0
64456147,5272.1023031045725,966,0.0768620752761635,82.27232427706188,2,6,0
88110973,6481.011841195639,141,0.5006242680704178,459.5840572136231,0,9,1
49501026,6536.656769387959,42,0.7945155444907487,306.4634680428203,4,4,0
43163773,3710.502769627328,422,0.7070864772666982,822.3812111853543,4,7,0
21310552,5650.704220634789,529,0.0502260114639737,56.97872699736828,2,6,0
41146082,4862.512650056456,961,0.0729018353679035,418.60727491833,1,3,0
31104792,8861.483729580483,627,0.4028732826326371,458.431424131438,2,3,0
31739356,5349.624813085512,263,0.2952904940479433,725.0060762991187,4,5,0
21471761,4466.2184013068,631,0.2323843230560478,574.287575090211,2,5,0
29576703,4104.405951850322,343,0.2810044989087136,667.212337194181,0,8,0
85092305,5767.03481839131,595,0.8034827432968846,777.0492856517561,2,4,0
82429249,8059.372096068886,41,0.929228053631854,862.2029736581887,1,7,1
28877237,5430.174754769797,238,0.4051026945275664,313.87549672247053,0,4,0
56918818,6650.386233297361,43,0.9061110021324972,538.0227053639029,3,1,0
33705256,7404.772092374597,662,0.3214957012478819,840.1080784391999,4,5,0
94504547,5249.664287799445,447,0.4764369863437916,989.4511309650564,4,8,0
87633091,4325.488860883157,466,0.2260289978159997,889.5193110437631,2,2,0
89452960,8778.987240838249,406,0.640476042175844,371.4672626243768,0,0,0
65403796,4233.310231876132,49,0.9789811151748088,195.16651721865043,3,0,1
33508102,4673.234220698318,616,0.6034930960433786,489.3925374065887,0,2,0
19405634,9904.379002083591,941,0.3578140841135488,741.6414518360423,4,9,0
15853584,102.35148340125734,784,0.6478174459905284,492.5690707532976,0,4,0
34947744,1936.1818048095524,764,0.1229206784653875,483.1808633136685,3,2,0
58491183,3901.242510205285,99,0.8886590802653986,838.2304210818006,2,8,0
47856186,9332.640103310005,853,0.5030839507798364,361.4037790671864,1,7,0
58673237,793.2940868999632,240,0.449349742039642,859.7946748116456,0,2,0
75293686,193.90579292213096,130,0.5858647884535192,406.8048009517236,1,8,1
11983509,621.5699761745631,727,0.6247838627894025,328.2331056783394,4,5,0
28298917,976.5797650748196,161,0.071775806226513,453.989911199699,2,6,0
53563237,472.2080547419826,652,0.6826172212234024,762.4469586748685,2,3,0
87729132,4849.835135879397,410,0.2419316803155295,126.00202786399429,0,3,0
87275698,5849.496351550544,161,0.7139526325065898,196.4192158720174,2,1,0
83214389,2789.7010135831406,49,0.8225347943841967,951.444825663092,0,4,0
36365210,4043.045101358792,935,0.8039585075525203,175.49162738135738,0,7,0
68245345,1007.8234176031584,565,0.5525009674078891,567.7273179310546,1,6,0
37180308,3430.0675919013784,256,0.5201698923107512,579.3144666619379,2,6,0
21326237,5272.939997181778,183,0.1428759613394117,489.6244620502448,0,5,0
96343264,7349.490891127987,834,0.7753461504031356,644.7452485768185,1,2,0
71864219,133.12898422549432,771,0.2714093804467143,229.8267257976184,3,4,0
64434670,4726.376588722761,498,0.4966954228179465,552.6622677767482,1,0,0
97692768,3040.328476903334,851,0.2842740929275167,372.1732552468972,1,6,0
43255876,8542.936034749824,900,0.1338283629996931,661.6672596291891,0,8,0
59114107,7183.977820818996,434,0.6295576968917366,141.22354337314945,4,0,0
25900476,5932.174491261859,231,0.0543320348229038,570.8774168394763,4,1,0
50820227,2844.9298923980587,67,0.7486452341262,185.2703553833237,4,2,0
89688895,9112.35711036959,971,0.3175867952611166,278.6430631150364,1,2,0
97927856,546.4967044811995,801,0.0001346930044853,218.70980032358324,0,7,0
63059071,1183.72922692324,217,0.5111291392372298,182.8377798688171,2,6,0
99595920,3977.138391349525,86,0.0468519085276031,825.710951560667,1,5,0
22707035,1331.9318172388778,970,0.2761695578208994,285.70756766089033,1,9,0
15130397,9568.515405838309,49,0.7069764874557162,927.1237818644494,0,9,0
80560220,8000.094289219495,302,0.0626896216218658,969.9265253451908,3,3,0
46998516,2663.9282508579554,148,0.8393384923560023,571.2604699370974,1,8,0
46481541,5926.686866835129,612,0.0038199226585831,143.0011226657264,3,0,0
76385640,9825.072099292807,545,0.2468238692019022,374.54824337958127,3,1,0
76880548,8853.56988350188,250,0.7409040561520714,797.732263348214,4,3,0
88384476,6047.904619777761,555,0.3162701497293068,367.3907286970705,0,2,0
52058334,9046.867275035178,544,0.1018923880660135,87.01721830278875,3,0,1
59742523,9892.930607152251,757,0.3602339188004279,556.784910928188,0,4,0
49769056,7459.192946646879,770,0.2703932863845255,845.1208514960348,4,6,0
65174259,743.3654538806509,365,0.8427119021605549,795.9263871435024,0,1,0
66688830,4075.644340612326,727,0.3133479175851431,175.12314013035325,1,4,0
53369428,8394.47477930413,84,0.7889324717760072,672.7646144124667,3,5,0
24650271,2382.635038469688,529,0.8918721448107347,220.50426343564712,0,6,0
41725526,8323.360925731184,929,0.4338174195765295,218.20753455217223,2,0,0
89348896,1291.3537441464598,917,0.909943143854392,874.0717733051852,0,6,0
28992383,564.7590357633487,795,0.3773180539631928,249.66895274023017,3,3,0
80995266,3902.497053763371,565,0.9640784164901082,263.2473465180112,4,7,0
66877183,463.64618052347487,191,0.0892895245255729,0.6533907612995549,4,3,1
94574185,9576.975603534924,699,0.6870192665032427,870.6690341255177,3,5,0
11989173,8279.436388360262,623,0.4938140404569286,792.5948132091347,1,8,0
46635193,8027.619902585763,944,0.387648805455647,627.328935090678,1,4,0
42474983,6334.801437661916,188,0.6327118787486009,750.2657639388423,4,3,0
43999533,2241.60782806188,217,0.7038570916343312,152.0485674244918,4,7,0
24716695,5230.777630096282,89,0.004363269650309,458.3235945875754,3,8,0
73967150,6013.013317060376,944,0.1669530887471987,351.2193873487809,1,3,0
73981206,5297.811858516655,846,0.7130460506343187,93.77652625701649,4,2,1
74785345,2676.3103427201204,348,0.6663854135782065,486.1304852149241,1,7,0
27882750,5200.954450715786,907,0.9660475051286772,920.7396503426354,4,4,0
88725274,4962.744774599403,240,0.761037790250783,40.05911905069448,0,1,0
70303849,9963.72418048657,435,0.950772707731338,291.4609134937939,2,9,0
20192257,8984.617865657417,693,0.702540501534807,207.54093620570347,0,8,0
53167705,4687.469407334637,138,0.2980522086394431,238.1466536656963,4,2,0
31130343,6267.080091057675,105,0.1053649222508564,908.4345518793752,2,1,0
50869792,7503.928880513063,571,0.7818238633449356,468.06905423429015,2,0,0
59913224,445.1650863148666,343,0.6441492214759159,466.2994129398188,4,7,0
74356138,8959.722268155616,146,0.0481860123932962,760.5756424552823,4,2,0
77607727,8615.255482537445,956,0.3600504659009783,154.4922040049258,1,6,0
63007836,4628.577767959702,897,0.9567998154842862,487.2653541000508,4,0,0
75541801,3972.58068419576,733,0.5004011457102012,429.9852141210597,3,0,0
68114585,2802.297811077518,48,0.4327291360197046,596.9106905466562,4,8,0
36658609,4819.100600470647,461,0.457699605159294,999.5577032504386,3,7,0
86294551,539.328968979044,714,0.2088827240051637,769.4488940820471,4,2,0
40024204,8536.715980135377,769,0.3687071708647952,397.8657030174272,1,5,0
92008891,450.6814473435962,379,0.3698132559871766,827.553052274047,3,2,0
58715257,3357.608517161723,212,0.0523550201874724,170.70836331248017,0,3,0
32268806,9322.735934358,142,0.7675676285179183,30.463686308960124,3,0,0
16512440,7378.605279782182,212,0.416504431903879,204.44837246427304,1,4,0
22431395,2885.770509717515,510,0.8221798868164233,340.41155611425967,3,0,0
83208492,2601.2260302127625,175,0.8503480011198954,510.5807574595599,4,0,0
39093907,150.3131841984571,860,0.211994054698658,615.1291405411998,4,9,1
46253447,6987.571499212527,657,0.6573534821701286,910.6057172144216,1,6,0
72134783,582.9574585644136,142,0.4722818041629817,509.8540095504577,2,5,0
72460303,5372.764942067544,792,0.8801567379214851,501.2756446257294,4,1,0
93831437,9625.007528661294,505,0.2157406791764541,50.24300982298213,0,1,1
74447435,1183.7417145390934,792,0.6778132003100442,34.91155265622381,1,6,0
59895282,8955.351316583869,332,0.6077521222527226,551.159961916372,3,0,0
12503771,9915.605817935975,854,0.2953014775718328,438.1786132483445,3,1,0
80286689,709.018559768427,147,0.1366009036511726,839.1803949802986,0,7,0
10996161,8840.772064460867,842,0.6516397604772766,160.67958471184517,4,5,0
14183839,5209.182302391805,190,0.7385974581323307,24.9716621170496,1,1,0
77775190,9074.485822501343,430,0.31562734376335,449.03876793012586,0,6,0
77758014,5756.057525003784,227,0.6448326040223138,237.47855675225748,4,3,0
30153173,6654.908900054989,289,0.3951309076115032,49.614373338837446,1,1,0
77227698,5483.411189174252,689,0.7132068832826177,724.598286847629,3,5,0
58939582,8658.47951504275,781,0.1992152748940531,111.59299995724749,1,8,0
66224957,7365.708197641647,76,0.8902150026361744,608.3195000077717,2,8,1
32725756,5260.477090586108,428,0.2874095964655797,281.0497501668892,1,7,0
81531065,8694.791960110315,739,0.3677859877561529,173.49605035502202,2,2,1
11079600,2528.326769327812,588,0.0580919520803497,379.75152291931744,1,2,0
36191539,1657.672531055007,107,0.1115122123212764,801.4457762229537,2,1,0
42576169,1687.9610427677137,153,0.5158619027123281,392.0935769045727,3,4,0
53381573,3406.687899577855,104,0.2675926767279715,750.7696492110557,4,3,0
80612021,2463.0313098800734,900,0.8354802257421944,125.4862967991507,2,6,0
35050090,9307.894470046413,166,0.0146933886549538,772.7714196650791,2,3,0
18849851,1147.7575289029817,631,0.3790940486719362,236.93332490664864,3,8,0
70779108,7020.008306591918,429,0.3373455467690927,677.3931298888727,2,1,0
76009351,1973.2932438715584,866,0.019327630917601,565.7815548409964,0,5,0
95871668,8828.207614426467,534,0.1243683990005102,929.1447172116872,3,6,0
94890726,9617.021353030585,529,0.4136426749186352,387.3225179753141,0,3,0
97753580,4708.153086822837,602,0.4928645844474466,66.16518883444044,3,5,0
39549535,8802.807654258504,167,0.4042897472548691,19.155485551252905,2,6,0
10449395,150.9371904716762,79,0.5309376784120938,826.8585609727531,0,3,0
31921117,8217.47448234019,800,0.5951316749056815,524.7356376614322,2,7,0
50308782,2363.389099096743,648,0.0099238211278356,775.2440518349492,3,8,1
61592034,9096.142961766742,654,0.4640951594535039,234.4256000115147,2,0,0
63386038,111.08910365308392,891,0.9634992408875884,345.08374551323374,0,6,0
67351079,5606.199176893594,283,0.5190322801295487,30.103872211318937,0,8,0
41530803,7590.694457470853,659,0.6775422674589532,961.492324574112,2,9,0
43266319,2661.014473909289,739,0.3118638579168832,667.8679067008134,1,4,0
40503180,2012.0153594142012,878,0.7739913781527625,933.2050877593064,3,1,0
13379569,932.572422233048,906,0.7729214818761151,265.49640742907235,3,9,0
80009467,3331.6924073826003,592,0.521296047654139,611.4636112256609,2,5,0
54910237,5642.458691857411,786,0.9760138232792136,678.4999682926378,1,6,0
52165906,1246.8541821245508,944,0.1255502147626533,317.5497002575884,0,1,0
69855504,3829.284083669308,455,0.0169476648895809,848.10923501563,4,1,0
99473854,189.81680606197716,576,0.770158211757096,947.1614629002478,4,9,0
16319707,8204.926262948433,331,0.8071555373648825,884.8551176960043,2,9,0
78532150,1371.6423091225945,951,0.1202072291205762,739.0669759393726,1,0,0
13695961,2905.0951878292576,610,0.2655828329586061,277.464679724954,1,3,0
88911293,282.4344155083529,378,0.0175523633666289,281.6160421056317,3,6,0
46396424,4379.183760535871,861,0.2933086107805647,963.360320446038,0,8,0
14294539,8417.202877138066,962,0.7731418739186715,10.284495935692028,1,2,1
21609076,3982.2969933074464,78,0.5179605277125789,716.0499732421445,4,6,1
83204793,1877.0235018959504,946,0.3480955931682881,706.2461625552622,0,6,0
48498937,7561.6184571001395,103,0.3717392949063303,622.6895409497974,0,6,0
10803328,7909.189120520368,733,0.0013536257154681,990.1088460868658,2,1,0
30840174,1820.1594055449116,290,0.2998005275652359,311.8794357637252,1,5,0
11043233,7731.455674555799,385,0.6464587416379305,339.9718637932482,2,1,0
87209213,9478.249093737746,611,0.9741944438163572,78.93940294655555,1,5,0
10529525,1747.1381106294962,631,0.8470608269838995,442.7981365437374,3,9,0
26953831,7732.744496068141,289,0.0235949646455291,261.0485262348481,2,2,0
66996736,7114.862845566031,667,0.8985606046748393,343.3867021776442,2,1,0
84583311,4788.381495507377,772,0.7831984132986259,834.5717902556277,4,5,0
81709884,673.412559532103,324,0.7803761235709804,935.4845135274958,2,1,0
92235366,839.4747358027547,960,0.4579957590035715,185.7330720051856,1,4,0
13699391,8538.905126066613,670,0.3980052929545028,372.50893155346586,4,1,0
87183765,9902.468890231406,821,0.3029157288331926,928.630562115394,2,2,0
58487260,6792.917346148869,342,0.0656948589543657,61.80846068922264,2,2,0
67338102,4514.987239402182,641,0.2282353634936991,92.36052811137851,3,5,0
80721474,6510.979069678885,867,0.2466036349780246,162.79098920622937,2,5,0
25192217,5984.519006362599,838,0.4840770697102016,595.2128341268748,0,9,0
62496015,3897.761378015656,211,0.747444406596694,150.47227100599747,4,2,0
20292658,749.6988312827282,715,0.4738098283979466,968.0763814507336,0,2,0
43698788,8232.978179333666,857,0.0578444494471606,446.7145272585203,4,0,1
71819576,3781.151939463373,393,0.957789800988204,501.5179603501664,3,6,1
73362116,8205.977869235227,217,0.9427243190941124,246.6586158054065,2,7,1
11748014,2599.836621914984,598,0.7851895431484084,470.9602524347335,2,1,1
50711152,110.19185047177062,572,0.9913279015642206,661.9136326370116,2,3,0
60296557,1673.4890044398896,625,0.5444823328002629,751.1771369540428,4,9,0
56216125,4738.540226008985,693,0.962768350253206,753.868082709913,2,6,0
79397491,9448.605986082515,577,0.0756050406167507,577.8911126940883,0,7,0
91949124,1111.716834967818,754,0.3656807482613713,904.3597749938572,2,0,0
33295179,8556.676767169503,955,0.2253812680067658,817.4078473061094,3,3,0
83706383,5317.5385524974345,437,0.19583308413427,757.0481146986255,0,5,0
27541337,8276.615581418977,905,0.140802948892676,55.60552168046063,2,2,0
67399769,3053.9068668009268,647,0.6224136415659967,6.877962219649314,2,4,0
30279846,8415.476930257471,443,0.7813218557473051,212.44727719547296,1,9,0
20970723,7750.945522166365,371,0.5782983994203607,663.5235939134523,4,8,0
82807712,2377.531462011196,249,0.1469627095882096,411.1974888825458,0,2,0
82193785,1400.2177514528428,932,0.8111237699334709,402.4062592993117,1,4,1
60018037,8693.7377930697,192,0.6359547071637285,884.5868882296137,3,7,1
53351876,9636.042869057306,980,0.3881657061269955,895.5628481318387,4,5,0
60166883,409.8929061004108,249,0.674130295536063,909.1752640535856,0,3,0
70361505,7339.573663039487,299,0.2599049792428328,313.8780765150273,2,7,0
56787763,9104.2926583834,661,0.3451922084942105,691.0558127392618,0,2,0
75732489,8587.864911715737,935,0.9174858431319902,271.63318127436963,2,2,0
13693305,9648.752675475063,877,0.2905045056714204,190.6098330744498,4,3,0
23470137,7624.931376537162,429,0.4699882681579366,184.6324573473692,2,8,0
14466271,4478.757747571011,211,0.8901411373960146,342.10762086359404,3,4,0
64717184,3188.3247059017917,647,0.7077213502675275,429.9576197798217,2,7,0
44907127,3275.3531303374616,758,0.0622032261647027,830.9491710550684,3,5,0
20495300,7271.784458879758,234,0.1473030442789703,119.8910934727121,4,2,0
38709379,7483.786419106546,611,0.0078415907719168,734.9258473948942,4,7,1
44654999,2083.5555211322558,585,0.6309217902291634,531.4549141893053,0,8,0
37451727,8694.415853556256,870,0.4476734254104183,287.9453426759925,3,7,0
84815222,7177.747998002252,842,0.1342748509022755,492.8195845328246,3,3,0
38997889,5671.227834799488,257,0.9579341210567704,299.94206977702265,1,5,0
58978079,4768.171355014876,725,0.5296597239456199,596.081955238306,1,0,0
21726298,5478.004777320585,648,0.2418932941128891,433.8439228552442,1,3,0
94607827,1676.5328089647182,625,0.5006035711547075,164.40552907887874,2,7,0
65723671,2116.642367835115,879,0.6796203327351078,116.58307455569673,1,0,0
99843595,1002.5284550212976,279,0.0762392179735644,546.6956820721301,3,2,0
66564401,1621.2145777950154,904,0.274703815047892,902.4130332861034,2,0,0
56673570,4591.566982592299,470,0.8069654908839936,343.9576865576856,4,8,0
88547323,5350.508497909736,562,0.4596648704026612,733.0001072226232,0,1,0
25033888,276.83273553536185,225,0.5465771420322949,658.661354939767,1,8,0
99132960,7988.298495853873,719,0.4328160022094692,931.554914309481,4,3,0
71704882,3012.262936100431,958,0.0438999426430051,820.9810172991408,3,1,0
44958762,9127.17674610312,548,0.1657497798201559,566.605258905463,0,3,1
27028708,9678.3615097764,99,0.4455416387418909,657.0304982341073,4,9,0
14035851,1936.042859298878,668,0.2091854654079278,898.3864665840349,0,5,0
57685442,4674.76317858004,428,0.0499790286596787,399.5187845869348,1,6,0
44045504,112.19516814761629,701,0.8436496640518237,326.7947058577774,3,2,0
92396202,6023.439924712027,789,0.9811925291641158,10.81108363519634,0,2,0
45610155,6112.333837800445,232,0.7931428739967394,826.5510741914642,4,9,0
39469068,2550.645560473414,177,0.853784921704667,800.9807004033648,1,7,0
40185054,5628.28545857366,501,0.2419771303170453,104.4545181001514,1,4,0
19702701,2332.847410192981,684,0.9606269755131998,576.8573811327002,4,3,0
88262145,1692.1721438740817,973,0.1969257044534283,463.9816981668874,4,6,0
43127676,6550.04272134242,228,0.9514298103618324,118.70909550911146,0,6,0
12976242,3326.6620931255416,946,0.994819293965951,980.5682270607236,2,8,0
47317456,5943.612994967662,455,0.7117228057460487,214.69588746335543,1,8,0
37812615,4389.142814819391,695,0.981143731791822,67.23418009056115,0,4,0
54653148,9845.078933288749,521,0.5695397795671037,594.8473795019096,4,7,0
14833177,1580.848362408901,917,0.2595417831760903,738.8666771330327,0,9,0
18454561,4699.52610669452,925,0.4369958856656208,32.44344604718697,4,0,0
55932658,6836.52060095732,171,0.593560935378786,658.7176387270222,3,8,0
12597480,4015.89633041169,342,0.0730815620270149,532.2918759514545,4,7,0
33151417,9749.52853351983,194,0.6223432646172461,103.2650088750484,4,5,0
49673332,7246.687516476657,343,0.9811778367622944,172.5238769463621,4,2,0
29699313,6604.1401898884815,50,0.1901076497837276,567.9742973160805,2,2,0
26934380,7594.886749351111,111,0.7925951162883833,296.3576135132884,4,7,0
20617244,9531.2215165833,610,0.9078987937796194,938.315728651316,1,4,0
44086263,9087.404664547938,160,0.9437015928202208,818.7402294840508,1,9,0
80098339,7270.424550451477,628,0.9601356044054472,983.567206513663,0,6,0
60234072,7516.700227102702,759,0.5214596387214719,259.670838950414,2,4,0
13369720,1544.62853294794,962,0.9773079079915036,969.7236327979772,0,7,0
81819939,1117.6448044773904,334,0.7573102071344389,431.2338697915579,1,9,1
83963364,5751.954568257227,944,0.1616714362369619,347.51879531375465,1,9,0
12640328,281.839605711346,400,0.47690010646797,50.34952696935324,3,3,0
35856919,4875.328177360756,886,0.718331175372004,52.76525785960262,4,1,0
67658082,2182.4608411967997,882,0.2473403158190833,692.0112559466547,1,2,0
65395426,3525.564019683912,413,0.6406151835488874,457.9289944340279,0,7,0
37348975,7780.466884350265,937,0.6666004790466192,226.5216260361057,0,6,0
21552291,9418.251291900626,474,0.1626997438085659,613.9703063252326,4,1,0
10070640,816.9210942487808,454,0.5650853124527563,252.8581182501112,4,5,0
87498463,5388.997839166806,190,0.7716269109786077,577.6317543444226,3,8,0
72976036,8837.08150961404,207,0.4988956645359419,359.20874698269034,2,3,0
95241611,916.8344909601708,658,0.0121031167761074,823.552226611819,0,8,0
13741196,8262.689064278655,737,0.0090384690792921,820.6961607667793,4,1,0
29511512,3642.2333741898874,924,0.3570293439700122,477.3503981224013,0,1,0
93692386,3288.73755197142,519,0.926194068431782,350.8191093350156,4,8,0
50260456,9776.91722451638,356,0.2286767796036087,362.55979655909454,1,6,0
21720477,2088.5049896367123,627,0.6343636888716871,805.7145256682179,0,6,0
23217648,6962.6200141445415,318,0.2220758706933205,328.179482797612,1,0,0
32558781,8232.263207297678,622,0.3216699896595486,209.05937370684603,0,5,0
69946863,507.7166032647896,693,0.848042089601484,84.68834187530683,2,6,0
72784216,6736.816037708681,602,0.7288614422699469,466.6931208844084,3,5,0
42425301,9520.344746117737,602,0.0953992773132106,482.1320989198419,1,5,0
80373772,1329.7776706077875,383,0.4287020209864336,840.9087104029071,4,1,0
98146618,8972.59089658188,57,0.0291697636452644,221.238696446064,2,5,0
36778642,5988.288710031668,983,0.480890146603009,380.9912736683999,0,3,0
70995760,6204.385360438493,72,0.6624340117010681,808.4057388936909,1,8,0
56547339,6168.147331169499,710,0.1185026235981515,823.6236107489735,0,0,0
24573458,3058.475274739407,452,0.2888849389091656,384.6110759787682,0,7,1
57911176,9358.49797146465,627,0.3978366255021569,459.1240232866809,0,4,0
39264326,9478.769580047285,206,0.9195310246560496,303.2858908492829,3,0,0
92896667,6290.516136118084,558,0.993255015422964,932.554878419312,3,3,0
63953229,7855.884986821985,639,0.0449112989956158,118.64376574158032,4,0,0
98132318,6161.354060223464,995,0.761007923495392,933.74942300147,1,5,0
66294783,4895.544630983002,523,0.3717240664023432,683.8664518353432,2,1,0
69145779,6642.119171162582,227,0.39245818622948,531.5721526867312,2,4,0
56977874,5574.714380660388,639,0.7542649733470227,32.65906078449588,2,6,0
39365614,6015.011040056108,606,0.9184264321454086,475.5961918220083,0,1,0
99268367,7859.942278846733,871,0.9509285945025484,407.7481050027323,3,5,0
57010676,4860.94793134495,882,0.5771225860383208,161.21881197512255,1,5,0
61371106,503.4656503154804,546,0.3571211593005028,656.4096035006569,0,4,0
47327243,1723.5948617960223,543,0.7875490858587793,971.1509073682856,3,4,0
79426200,4442.21144324643,51,0.2510013832623002,562.1888110645251,3,2,0
79872506,7275.782942753177,141,0.5640740288335178,714.7532764439458,1,9,0
20198499,5973.45861827077,86,0.3585784615248731,68.45045256601678,1,9,0
47342772,6537.912440147194,95,0.6566310737078761,417.6669958169948,1,1,0
54362902,4844.861392905244,871,0.2403989128935069,116.35848516449587,0,6,0
10197775,6195.846017228204,127,0.1915929457348257,612.7958355365104,4,0,0
45940920,3357.272634365156,173,0.9182390866754372,938.4821582141544,1,5,1
94673574,4754.807667696984,909,0.1018036829495369,661.7777324716385,4,5,0
33614649,7468.36274939006,464,0.5059579077349317,76.80304831442153,0,2,1
88507230,8731.1445118339,666,0.2208527829630089,354.66620498508286,4,1,1
27310852,4393.18780616825,708,0.0389299633256674,550.6633794408515,2,1,0
88535842,532.2504113028758,115,0.0360188182914263,403.2077561332522,4,8,1
64564054,1700.5581870533465,617,0.1752217721058273,833.6440104751723,1,4,0
72989020,306.5252789862272,373,0.8667703545060003,814.6710047099892,0,6,0
40773482,6567.303890449568,965,0.2824787439770266,611.8310201032215,1,4,0
88733130,3389.9147910155784,323,0.9504591705752956,373.4579451327053,2,6,1
87273675,5470.538493621738,985,0.5816222929891935,255.33637376324413,1,3,0
12276360,4983.440783159615,600,0.4366141897687661,105.87431821312931,1,7,0
59437769,907.1122465690244,679,0.5800888346694546,354.89768348655406,1,9,0
41665404,4092.287475125935,640,0.5166983852262678,413.1725172077195,3,9,0
95218477,2283.5551367310004,733,0.7587762537573252,675.8229251040736,2,6,1
67849484,4242.157907809762,272,0.2824960659728522,658.1598242975734,1,9,0
26434343,2115.4249753882023,860,0.3530503916003024,70.10813964125695,1,4,0
54079273,8420.478822141642,590,0.8940943025332507,395.2593154311578,1,5,0
50201137,1824.514032124711,989,0.9464565131504056,181.77886721736192,0,4,1
82571674,9611.727459721073,61,0.8925582274864745,156.81270531680568,3,6,0
90497273,4217.482924854714,420,0.4194479939573136,827.3021497372459,0,1,0
90954884,8477.828390988589,306,0.7803655030068817,41.91521671625753,3,4,0
67235484,6324.771700238856,561,0.4763357333010988,419.1828759021213,1,9,0
72182821,7379.967956790951,183,0.4975398521461022,168.20365576651818,2,2,0
86835154,7700.466491861124,412,0.2046801090572839,879.330215678474,4,8,0
90768647,5097.964330740876,97,0.5911303032585165,557.0405132750351,4,5,0
93273068,5478.675181296555,907,0.1861358977533479,231.38063637684803,1,9,0
33020885,5188.559091306377,913,0.3315646990671937,502.4272871663764,0,2,0
11286643,5921.777943091784,243,0.8550302016199351,731.4863597031158,2,6,0
87031056,391.0050129894222,684,0.2070758092108552,958.1180089194338,3,3,0
51869822,4015.600181505251,405,0.0711582851734328,220.44600424541892,1,2,0
16200646,6101.268264255598,773,0.0690075926128163,886.1817721293452,2,7,0
84092760,6017.463296033057,242,0.940784520503108,934.3041141674904,2,3,0
24509187,7950.265336595752,108,0.5069204379618346,916.4205445320662,3,0,0
37780899,6584.592454437875,755,0.4094120718170183,635.4143568619098,2,5,0
15409861,9922.119831772656,657,0.8108785810079184,629.8206544347076,0,9,0
98825083,2910.1598332255858,633,0.835825927910516,403.2106331838228,0,0,0
65478034,3655.595193695692,811,0.3321910331156046,752.3978823037879,0,4,0
22831595,3900.086803491183,952,0.6936180574737952,531.2940183509319,2,6,0
85524262,4711.54678950046,410,0.7711228158518866,677.4380712282945,0,5,0
87189210,8376.380831433973,709,0.6546506868659545,428.45790384879547,3,1,0
10448345,2434.3417301961777,87,0.1515950748000993,731.4964640431391,2,3,0
86246546,7782.402049650752,825,0.875883083517057,824.471517604549,4,1,0
84936358,4112.57081254886,55,0.5390945527360087,146.43625660281612,2,0,0
25814828,6058.368298253884,910,0.2824724263700037,832.929715574228,3,2,0
58763532,6362.151278940431,476,0.4252281854376939,540.2965317903072,4,2,0
48538877,3791.2015081704512,95,0.0375710903989073,844.6659090902243,2,6,0
83851335,5174.890531537471,950,0.1278668012224175,431.3017063410146,0,0,0
54196734,4189.0086290122,789,0.7655467505158609,379.0404853830351,1,8,0
99630668,784.4145832475325,283,1.1634755366141114e-05,915.0607325172224,1,5,0
90558427,4427.937349286583,928,0.4165658284822922,251.1692675484013,0,3,0
48503931,1064.1945862801665,997,0.5225101810855884,844.2123252861431,1,2,0
29164528,4109.705910895184,73,0.0546344200009722,484.0205725094041,1,2,0
97580056,5969.89215833464,126,0.9730781629723328,514.0954425512597,0,1,0
30812709,5836.207503500657,583,0.2261253312496719,308.468281489484,0,1,0
99589817,6659.950662182371,256,0.3041987196362808,573.0422006190157,2,9,0
62203051,1043.0889287508005,803,0.3039425122550273,325.2111962762113,2,4,0
49301804,6556.020130751335,708,0.2304166621173499,39.26941424165231,0,8,0
14848287,3190.265761294826,465,0.0014738220863114,271.99860534435606,3,1,0
61152700,4050.5548667574,820,0.7293447940879964,6.379043406590679,1,1,0
53750190,8594.063913834787,630,0.9668454997992854,978.3547870568566,2,5,1
79334164,189.4010008825475,408,0.224293483285045,965.7472098197476,1,9,0
62187215,5925.285070071994,207,0.6630471918034224,395.15529747230505,4,1,0
88998740,6027.268402991065,456,0.7418963269587151,728.370854339646,0,3,0
65257851,4026.931785801264,944,0.8484253790905247,345.80609841042497,3,5,0
58518372,2446.575785372528,738,0.4226291970136091,671.093157085976,4,4,0
22842659,2423.272978789356,336,0.3029309056404292,805.4300430459791,4,0,0
43978002,8848.72572964145,808,0.3252951340230311,946.7562446922408,4,5,0
12373139,4476.04130045029,533,0.7126213330985128,400.212275849672,0,0,1
65553464,3375.8046935928023,297,0.816779466505636,783.2979829560477,2,2,0
52801198,4542.89798093089,615,0.1816139677566026,265.9284506321188,0,9,0
28892008,6726.964974447677,37,0.3709410081577652,990.3323037936484,2,4,1
45427853,1542.9900256230417,949,0.90194019674915,25.769598764351144,4,9,1
66882318,4549.394968616003,537,0.8066935196947392,603.5288065011209,4,4,0
83190814,5920.055273992831,505,0.9848584027624758,659.5059816513271,3,9,0
20986868,9490.975213029194,326,0.7542482596820808,688.0455570741289,2,5,0
50480309,2600.02504254665,193,0.3931952010279222,120.387578789089,4,9,0
49521538,3656.5824043708312,514,0.5906378339946378,938.5297834731304,1,7,0
88815702,3855.6500402319953,626,0.6610142542473203,181.1832790500828,3,4,0
70972984,6094.82776068434,101,0.0784558163171239,622.7534032398411,0,0,0
48673354,3631.6473250960166,596,0.5444969591038651,222.67607912308492,3,4,0
65454431,5381.768060466987,934,0.7093208284726096,307.2164170212709,1,2,0
75557447,7839.724265465791,588,0.1673213040010603,546.4585417281244,2,3,0
93845477,7083.317381710815,940,0.7806317174255571,417.19341856457646,0,7,0
87982667,4519.049600474597,973,0.5837727805141116,160.22560097650629,0,6,0
65860631,8655.740158974273,267,0.9522217856975946,170.93640242084828,2,4,0
67681017,5625.588470979243,133,0.0424222982068916,418.14478816279967,3,1,0
12667867,5445.067811071904,239,0.2653261375554669,757.2829782755007,4,5,0
66987271,438.4588827976659,583,0.6015538792998241,897.9646468477886,3,5,1
51241273,9868.2605055359,857,0.2965599122059307,84.12766225938284,1,9,0
55718843,1317.4110044433046,497,0.7144241640712422,393.1039075594011,4,9,0
78452891,2388.196033033701,483,0.759005282521931,100.24556372287662,3,5,0
75432283,611.7986886911169,297,0.1025159640664744,16.592480632597884,2,8,0
81275364,6436.029371685446,415,0.5138544642067677,661.7186826439566,1,7,0
34244264,2324.541652029532,804,0.5088905555910559,602.4494419665878,1,7,0
52734307,1882.1033309799625,877,0.369280770215541,163.0191138148862,1,0,0
84993343,976.7002838100898,416,0.932924862569672,233.8128330930641,4,4,0
77606426,1122.7586755277553,906,0.8275063198732212,23.70775364451838,0,6,0
55791733,5888.239934381629,288,0.6972093819096368,834.9472056944037,4,5,0
14578238,6913.257872079294,312,0.7143266357349976,974.6905960485516,3,4,0
30814992,4034.05198579757,655,0.4617161438131191,135.4595367946908,0,7,1
31288948,4850.981107761525,904,0.920994521096576,231.4752137652981,3,2,0
15562067,6891.080586231543,69,0.6945954272532854,868.4095239469341,0,5,0
48791628,272.0599228362484,515,0.7289810616558164,926.4637979561847,4,4,0
37345820,3298.9935049957576,958,0.8616909037873453,419.6273828068103,1,7,0
45154828,9733.66770589643,249,0.274071589342191,50.62247226907412,2,3,0
30088365,5843.111073985134,158,0.807070903866703,39.39183369281941,1,7,0
68842658,2616.823340985183,549,0.195240602956492,573.9498660690105,4,9,0
53109628,5265.12746169851,642,0.3453419522448878,392.89510889317904,0,1,0
23021573,3492.269532397062,957,0.3356104542698427,28.652427577654517,1,8,0
62827729,5369.225389380361,921,0.9785254683891406,583.2523923125568,4,8,0
54620658,1344.8409668858235,717,0.8565372237479268,11.302536589022472,3,9,0
39933823,1413.8750728108462,648,0.7011698615902597,787.3719581492729,2,9,0
90155332,1521.0693841899893,642,0.7270567616153901,306.4328227033716,1,5,1
94461358,9404.215940075734,289,0.5620727944025711,40.2580030092321,0,3,0
65519128,7355.699291579283,995,0.9470906671085192,588.3522209831533,3,3,0
61509697,1707.580757156977,395,0.4962587528823615,397.6844144330547,4,5,1
96966281,1964.6559292794543,787,0.3805177098698945,973.8004133571496,2,4,0
17136029,7335.211801221676,816,0.163035336931591,544.1986625037022,0,5,0
97350522,1646.022063442522,573,0.786205652261058,275.2391810370083,4,6,0
69994988,2422.156804014804,678,0.7344439320755914,709.4388646339747,4,6,0
46869124,9637.13364492195,553,0.3843550385241349,271.4920025427113,1,8,0
31496823,2627.5345948114755,936,0.0251934139592293,904.2432914075652,1,7,0
16285088,6650.160268674353,843,0.8389973277180107,374.72197050737645,0,5,0
59907857,9788.44974526525,916,0.0114179834540736,549.8685627762052,4,5,0
89569119,3805.537994683947,45,0.703699779629051,50.57310382422886,1,4,0
81021806,273.40830953441616,158,0.970257109726057,426.1212379522308,2,0,0
17468810,2517.058175181505,604,0.4376613281482034,832.363539660995,2,8,0
11635156,8325.684194282883,138,0.2349734049959527,805.6488053633419,4,8,0
35301054,8659.627475954863,916,0.7048710100433817,224.31855885352624,1,8,0
87264088,7708.341708785533,562,0.8171281420155851,226.07907101056267,0,7,0
15001045,1219.787208858073,699,0.5464303160778473,817.3053122132368,0,9,0
81572282,7975.552679794391,298,0.9670352752561462,930.3984201693256,0,2,0
38267184,9194.910190235692,191,0.0516687216579611,95.36092127300356,2,0,1
14345760,6046.034471207738,289,0.5047955983045281,450.0586394262253,1,7,0
33930984,9414.666027746842,953,0.7184539473225501,337.454278964229,1,6,0
46805730,8285.704948747585,131,0.862640471149179,870.6884554574393,2,4,1
48019582,6703.018018209982,535,0.17925561190779,83.52491468001877,0,9,0
68720660,5814.133843446307,764,0.8000034817636814,211.1259425580374,0,6,0
65229238,3550.879305695508,600,0.5527070757185453,752.4683375864944,4,9,0
28100699,1676.9457079037709,276,0.3965536819899632,51.29384898121558,3,3,1
11722320,6089.043834636354,669,0.1317150285790935,492.53538071428926,1,8,0
23298372,3249.304380819383,824,0.8652957589089124,442.10703467972,1,9,0
39702914,8677.74280852369,866,0.1572732081797153,334.40117898874865,1,1,0
91550308,9934.035679850422,566,0.3097878592090992,394.57231531892376,3,8,0
41657524,7549.034849894168,160,0.2900455319624369,529.9405869302329,4,8,0
41206052,995.7687833418024,382,0.8714140341908543,161.3673583883831,3,4,0
40413513,2957.9873957533173,225,0.672702994208898,571.9958782835928,0,0,0
35329097,1180.1853544809223,822,0.7966813971913723,805.4323292999863,0,6,0
22243026,6540.065313137986,945,0.250467898792499,760.160929790159,1,9,0
66024141,7675.389559102268,959,0.6248740996069989,153.8999046937737,2,9,0
85356616,9264.180825719046,695,0.5717459831437487,149.24946974147392,1,3,0
27864557,4437.906229478678,411,0.8328303767882711,268.1743677449133,2,8,0
16195200,9023.6189309256,674,0.9060870604812604,361.0747263410372,3,5,0
81086130,8791.122474509142,256,0.0121567714773868,408.4555814084826,0,2,0
63363404,3240.2375959774463,730,0.6740199190587927,679.6972168333452,2,5,1
94729603,8702.116192851652,505,0.051835799119729,56.680432165835406,3,9,0
52489277,3819.155293629092,506,0.5488586650773559,34.67270422606639,0,5,0
23832640,3039.00581814678,294,0.2876327290436782,391.910562943909,2,4,0
76360176,6525.839122064492,401,0.3067765995221412,697.1636921379804,1,1,0
40061031,3350.9741560623024,515,0.3529585034523566,193.43534295648257,1,9,0
77201057,6339.066608458527,463,0.6212924490496101,641.5044812562517,1,9,0
71902171,6137.334874437076,675,0.3340499656687692,259.8281379402995,3,1,0
90197726,5678.045380749742,240,0.7326990505902804,886.0861088135164,1,6,1
95072967,3866.155071904697,601,0.4045273855738697,895.6899442666165,4,1,0
75812633,5530.14724434962,969,0.0683532003099586,297.28720428132647,0,5,0
97220897,6005.206202355674,406,0.7837598424841072,229.9937539632405,3,4,0
42043445,5502.300196105187,424,0.285758324592706,411.30397206623127,1,3,0
91052418,4499.752582236895,479,0.4327668795992626,240.5315851801487,0,6,0
96601594,245.2038647580117,972,0.6854438832219015,672.3838432917037,2,7,0
46213003,5911.9109062413945,393,0.332456157148712,826.0646845482855,1,3,0
26689088,1767.5994129129244,905,0.0565856561467156,673.092130911217,0,0,0
98720437,6461.502092577177,486,0.3739210470128136,824.3504472493495,4,0,0
17102173,7617.508846436373,754,0.9444485826943034,396.9921622074741,2,0,0
55388538,5054.40856039434,757,0.6417343972985582,156.31697070886085,4,0,0
48720111,5469.400283299409,255,0.6714791486672069,737.9509473975921,0,4,0
58515838,9519.637740693312,160,0.6322821536376398,360.4745051415539,4,3,1
71356950,8486.956877588485,617,0.1989921389594368,671.2708252291325,0,8,0
32064334,9150.941507919551,505,0.4183338641022801,270.6439419817657,0,2,0
24681316,8156.286254363906,827,0.7509397983633183,81.22963480667266,4,6,0
71681549,1178.2915842826412,306,0.1013728975531591,992.5817954877634,0,7,1
81209537,1575.0193741049277,185,0.2778527760897122,156.2015079305993,1,5,0
58840101,5313.5755929627,789,0.2763191084658536,988.420993963481,0,9,0
72468859,2536.0896221001826,247,0.432018927594506,977.2799325664472,3,0,0
60305761,4819.285202907476,219,0.9803687409421852,793.8181039080397,0,7,0
39367077,4004.216705801667,446,0.0675025466838219,659.4229620819975,3,9,0
71580593,5539.200960461488,704,0.518700994380595,577.8070502510847,0,2,0
60011985,7494.069589744645,721,0.1793646820122104,866.1015453778347,0,7,0
84062621,7183.359980282817,575,0.970676545409744,289.43952161948795,4,3,0
42843745,5260.21791160481,70,0.1133035047274642,467.68121248487705,1,7,0
29350835,8241.694846288876,336,0.4036010023615912,619.3899693665019,1,0,0
79562616,4365.53470622653,972,0.7378849848346062,411.1904758694911,2,2,0
70084389,8977.47146941721,367,0.7045544280274453,427.486454090268,4,5,0
67597408,805.6746735461227,343,0.4227286368939322,330.2846675020844,4,8,0
20320855,9551.134297329743,104,0.3465241679527182,564.231816684536,1,1,0
28130254,6581.461506170347,982,0.3976123785528705,850.574528015116,4,0,0
81766557,3862.737638478333,308,0.2642762631586393,201.52837800631283,1,9,1
89945266,2051.8258530714857,205,0.2053329387067998,934.4330387534416,4,2,0
53558992,4843.913971491639,925,0.48303969755889,689.0876537482296,0,3,0
61628164,2026.1273995344795,691,0.2685337560676073,823.2732126800302,1,4,0
75377052,1746.6829166571074,302,0.2874616648972501,556.1906926300117,1,2,0
97349431,6211.782398388445,866,0.6567560634745571,779.5167014240635,3,9,0
91251088,5278.538773359668,649,0.9685373316998922,16.20039733946721,4,1,0
45409403,6733.950742648322,680,0.6036372005593751,818.3804247795352,4,1,0
26045907,9303.098186477691,891,0.0769794670649662,40.13885908536652,1,6,0
72754884,5369.376112056498,812,0.0755836138540669,889.9133763628626,0,8,0
58458273,5851.227327301697,888,0.951423220845566,991.9627472386431,0,9,1
25734209,987.3007576339268,960,0.2972907903073336,294.06746217677784,0,1,0
79800140,7204.594280495432,318,0.0920669860824754,210.31855628579365,4,6,0
46081386,4059.0615473611465,753,0.5990445871503816,765.3633638580407,3,6,0
83658410,9769.57986275953,922,0.6236487782902661,253.02634092025323,1,6,0
67395058,8249.422754397037,301,0.6485048201186882,865.5623831722035,2,2,0
35827438,5272.562301109571,959,0.2674020278575413,102.8425921574767,3,6,0
26663288,1319.9042763044438,95,0.015110684214475,125.95519637935826,2,0,0
23081782,8608.216353477832,512,0.965015369454472,979.1515551006156,3,9,1
69387253,8017.832844697814,965,0.2508930456911025,673.8388982700046,0,0,0
53669391,1927.3927824166267,277,0.6760262880525475,846.8872244289528,4,4,0
78181511,3023.25506328107,185,0.7066298698787096,324.329377351518,2,1,0
48660995,7954.731855663589,76,0.6100074170794857,676.4837495206044,3,8,0
18234679,1933.761620819356,964,0.3129073942136482,594.2418273085972,4,6,0
33240984,9185.749642796636,483,0.2710962537640657,603.150120122947,2,3,0
32383810,4302.821509443983,230,0.5976682827027031,682.5324595377216,1,3,0
75438362,961.6857296178206,689,0.8660956336116915,575.3591731290986,3,1,0
58566364,8175.911570692381,153,0.9467337289233956,429.062369302666,1,4,0
28727583,3797.745862080037,30,0.1059058044037576,275.92269438054683,0,3,0
79019569,5312.342022122431,997,0.1548286125977198,768.581330913202,1,0,0
45156028,1211.8130096710695,788,0.9447362587830797,226.2724300031862,1,7,0
30568697,125.5817469653256,884,0.7365352283347926,692.3543061544142,3,2,0
31900338,6416.053537353647,669,0.8829938248297731,233.33282264932663,0,5,1
51311634,5200.234186303943,220,0.2026326341353431,625.3301699544539,1,3,0
49902996,5976.031834319157,608,0.5875858711094019,747.078267129029,4,8,0
64481924,7958.064118767112,545,0.7011395944174736,218.7138889065392,2,6,0
15723601,6501.398542886315,471,0.6801118854469727,59.94330086130828,1,8,0
26618153,1830.257083991034,950,0.4081516908666981,130.97374299417407,0,9,0
99165628,3671.6479391949374,844,0.0153948916913084,605.9969672710255,1,2,0
12382357,9068.321937398829,835,0.5829260568042631,849.4464062257355,2,0,0
85012933,7722.452532491621,172,0.2531015391796087,44.99682123542436,0,4,0
23630084,5610.706873573501,220,0.4502542461428903,734.1512590416462,3,2,0
62576779,2630.885478311796,562,0.9575810150838172,341.31864595005214,0,5,0
90890201,3090.398968164471,256,0.3990353176424347,478.5283699195225,3,7,0
92537517,7346.384869097782,342,0.8398016066644267,928.8595498455657,0,3,0
98132129,8526.62518244243,658,0.1885406057492511,331.9715047358455,2,4,0
26099248,6747.104228353082,978,0.6724604980250288,465.3369339394861,2,4,0
24677069,8114.346760107574,331,0.9770069544389436,13.682414760681104,0,3,1
85589337,7689.89573848402,683,0.1018931008729367,81.59872000483837,1,3,0
22433196,1582.0692827738817,489,0.008319942227192,258.59159113478404,2,3,1
49010202,4297.05364784169,430,0.4335827926326143,27.852240821074403,3,3,0
44626632,1614.5396282027705,580,0.0926254830513672,631.3753260482509,3,3,0
87998328,2428.832289539649,422,0.7483843496762314,426.3983568016225,4,4,1
63237806,8705.67028404542,896,0.9145486638485588,548.145202728022,3,1,0
22457080,4781.630459768503,793,0.4340209727087588,174.64718589632955,4,1,0
11222869,5400.045208242343,874,0.2587116421554409,295.9320294366161,0,8,0
92716910,1866.615055754944,236,0.4344033190066098,663.8244748527251,0,1,0
60066487,3191.4906818830805,239,0.723447817850001,965.3027236303998,0,5,0
13125354,2379.4370674359125,144,0.0090541615803709,50.4167736022092,1,1,0
72802750,2141.2430287324214,766,0.5894539894846972,890.3843208552661,1,4,0
19818159,6415.811853828104,675,0.6132916848873791,576.8812013112084,4,3,0
21145552,2643.150091692577,280,0.6376882468959355,563.9195667556237,3,6,0
25152994,6356.953311602143,248,0.2420220799808772,500.27853520776034,3,6,0
85191987,678.7006796746837,436,0.7140527233781268,69.39408590418338,0,5,0
32937902,1503.5664959183084,472,0.0913914863317764,89.87685173616067,2,9,0
86415031,2817.948514601241,632,0.1992703364668008,600.912005659086,1,4,0
77744469,6010.764477267348,383,0.8774700466544819,340.9585714355583,1,0,1
84588685,6790.828326365022,917,0.7387231507265664,917.2680665776808,0,2,0
52758171,4482.897971117318,587,0.0137455540113452,406.59053735947225,1,8,0
10067661,4513.330054314567,579,0.2483762603698002,143.2814587026411,0,0,0
17585153,7272.716828846319,171,0.2144064829931645,714.718833502036,4,4,0
33335437,256.6288084792661,641,0.2708063280369726,293.35342144100986,3,1,0
20466615,3476.7912422947834,530,0.2475597702798864,525.4703073558932,2,3,0
44861938,8205.199865480405,869,0.0625262957428457,697.83278550517,3,0,0
96787694,6071.872161112385,731,0.4589405165968203,900.2641112020704,3,2,0
12966422,3438.5486142786617,576,0.7327334747861651,792.1911948016761,4,9,0
60154221,9064.695444063773,688,0.6067317247174364,676.3610678727241,1,6,0
13708654,7748.965001748887,571,0.6728716685980798,679.6331823951435,2,9,0
67647084,2722.4649276436608,875,0.0811491785362391,945.9246440320866,1,2,1
52573305,6488.369391504597,536,0.9514907101767872,295.82409749653607,3,3,0
54653349,5997.932209070671,625,0.8384918338430248,1.1120941961874076,0,1,0
15872354,4071.760348985928,910,0.8050903184956627,271.9545593981987,3,2,0
57756479,3732.8651841275264,310,0.8229838050417675,217.891379626744,1,8,0
92649048,3501.248700279469,453,0.9327105081327614,661.8345851139982,3,2,1
90123510,6209.842255616904,885,0.5442539661136977,633.7115997655291,0,4,0
19810404,4479.858371158628,299,0.2002820178676259,593.4613827047239,4,1,0
96205129,8335.444821189078,183,0.6167836078525412,16.2434432094537,1,3,0
16292518,6729.065899726223,643,0.742881493667939,728.7780544506475,3,6,0
51142200,792.3228965233978,756,0.7379173933540254,323.5304124854915,1,6,0
74413145,6437.665415898844,691,0.5214490241668801,665.0559890066311,4,2,0
27547389,2784.359621351829,973,0.068458719333578,556.5784285021533,3,4,0
72132760,5968.838717368884,112,0.3711129384301278,342.73092542790715,3,0,0
76689168,6833.306117924169,651,0.9207666084633572,134.57626710410776,1,9,1
32419480,2385.2089726247195,976,0.584448909757426,94.41889766048097,1,9,0
58766345,4622.900584315649,928,0.5383319432557134,831.5183331122236,0,9,0
44021442,1984.216141908771,455,0.2688535143821935,918.397542081558,4,0,0
56523537,618.1548702864322,304,0.3684489199165789,649.7880467642996,0,4,0
35153646,3846.916592510104,742,0.8953460891531693,103.43411486048338,3,9,0
87620693,3693.148291275321,313,0.6664630475268357,402.02721688824073,1,8,0
18411883,9955.256857972145,202,0.7873870267523329,728.9392001051572,3,0,0
21082322,4518.888276856657,356,0.4543454230676551,779.8208840100681,3,0,0
26203305,3402.338539774784,747,0.6302472194561579,118.2186222910886,2,3,0
20848680,5846.702566495079,92,0.2483836087432075,0.0307188453824158,2,3,0
93031557,978.7972016669078,102,0.7054608302834863,712.137045880605,3,1,0
99838873,9620.49078595265,792,0.4276013337033373,356.59617598620565,1,8,1
69292991,6386.104451351228,665,0.4425455148147456,254.48133161826024,3,8,0
45555041,7572.894417414393,404,0.6493223245768817,12.89746978952544,2,1,0
63028791,1787.7315879217838,662,0.9362806214689268,540.2994067614997,1,8,0
86301164,4153.830744751518,537,0.0640063466086209,851.1507354259818,3,5,0
86658629,4284.622222622276,816,0.8247432373470076,957.631646272588,4,7,1
61646180,8235.88379462076,972,0.2923831104121931,565.7449506132892,4,9,0
89357216,112.24312961815347,427,0.4439194545063778,514.4613277398942,3,3,0
42359860,3078.445772697225,149,0.0219133287750089,85.05638548924111,1,1,1
44499221,9814.240106008609,963,0.301046077834313,548.8728015425997,3,1,0
38272916,4801.376780711565,466,0.5026312426301305,379.97907896539465,3,8,0
91861231,3887.010174415682,858,0.056176077347439,607.1352808835769,2,0,0
29032579,1286.307119974699,705,0.4910957293831651,388.7263478765467,4,6,1
40354781,9744.229823417354,965,0.9271106288584272,240.29912345036675,2,2,0
26514877,298.26092366566223,494,0.1053932181078052,94.9652752283765,2,2,0
83545310,7398.084227571707,315,0.7644407280755043,314.91844458889574,3,1,0
86165878,7709.138067406233,294,0.4096710533759926,96.64483428775227,2,9,0
97554946,2512.20148903228,349,0.655173714524338,176.89695082398393,4,5,0
88350878,6748.4285917690695,702,0.2602365979852293,987.336158579546,2,9,0
27810471,1019.9985293559604,405,0.1594922625413583,444.1035569066186,4,1,0
50636644,2644.767937677591,849,0.1604626142712264,531.8717665050166,2,9,0
68534435,7900.229684093423,118,0.0704919456431446,873.6185287372153,4,3,0
88550238,8660.393301132048,683,0.185646704901243,995.5689004906878,2,9,0
67975251,6124.015485331934,232,0.6642193849889683,582.7144493446815,2,8,0
13094235,5117.700475022778,850,0.881690611843508,812.4738210441717,1,8,0
57870026,1677.109804127905,768,0.8141256855911618,326.94102433667524,4,5,0
32763342,724.7794274835867,984,0.6851343098744841,305.7439574472911,4,3,0
29636869,1264.7253818882305,363,0.1104318634111026,402.7037209945602,4,6,0
37132021,2350.837270951378,251,0.2891874462959498,672.5072626736492,0,0,1
43942384,3482.577568779516,70,0.309806875322469,682.1916892550987,2,3,0
72867959,3871.004302558773,737,0.2499569463976212,315.2394346494508,4,4,0
27807333,3528.585509031135,97,0.5150056597097231,133.2099241366287,0,7,0
63228466,2466.647788752929,805,0.5355538148796726,632.3962564655086,1,1,0
45912253,5146.270042841812,543,0.3568859751711102,128.32586218876452,4,4,1
26263882,8270.332471505679,902,0.353789158736436,578.49250822933,4,5,0
49138695,2869.065030867644,666,0.8285555979060814,693.422128056309,0,4,0
43799193,9429.631489112107,651,0.7892928483196856,700.6114963944516,2,8,0
93721515,8746.032951066094,627,0.3077958316807456,753.4721106595968,1,9,0
85495044,1701.4656923858852,966,0.9137884438732592,872.8594215656645,4,0,0
58014453,7884.131971895235,661,0.952815017002506,499.9589919647884,2,2,0
92405138,5788.415084945889,156,0.3267425420300408,730.2491895295711,1,1,0
61569363,5709.096085497044,284,0.3544249487930548,619.1727353658367,3,2,0
42686304,3971.323354275927,724,0.5056341534219588,186.63993979768256,3,9,0
85149843,5061.414691901897,45,0.9411208125336736,25.68964486940817,1,8,0
94740096,4032.069896549189,506,0.8763194331423115,284.54138567693377,0,8,0
82456281,5443.352925723434,91,0.1025679625835898,443.0337063376194,1,9,0
86362381,6316.705522449095,910,0.3927307432714162,617.1059444286562,1,1,0
41699263,6775.607683449579,461,0.5533711897497718,849.9593305032054,0,2,0
90480036,5371.563806338319,699,0.50313247255154,196.24571670616564,0,3,0
36216317,7242.078466554444,297,0.1938630679368926,125.54978989847709,2,8,0
63215075,1498.6526878275074,64,0.8588167711681547,963.4799474743276,2,2,0
44970444,2198.6266599321616,808,0.6769407829968374,108.04455937640712,0,6,1
15752810,8205.476540335274,605,0.8379083748518036,478.4910701071892,3,2,0
10571650,3293.0269806795104,523,0.8587642793494722,585.5637287933018,3,6,0
98362656,326.64886726359043,591,0.7483558536657398,541.3744209074382,1,6,0
82017911,1622.532381713508,498,0.4392106012497173,86.0321570329432,4,8,0
50435721,2313.782901513481,796,0.6105467550154245,57.02691400361937,1,1,0
84531076,9577.496590156414,690,0.1603654061197431,105.48342746103567,1,5,0
13757974,5773.110146415408,354,0.6736454174749077,585.5876838726125,4,8,0
85900553,9334.034330714923,333,0.1792532557392807,544.3448876343211,0,1,1
71119361,5794.117169916587,305,0.6939495905101568,233.74079203674424,3,1,0
52321932,4845.608957364732,898,0.2295981607539686,637.7741418455915,1,4,1
29931456,3205.904142821551,992,0.1175513001502199,820.0675020556494,4,9,0
69376958,6103.072349890418,713,0.1652844901429574,41.57895984659377,2,9,0
21643208,1478.0604437135453,958,0.0019921352190702,498.1299435480424,1,9,0
53928336,8992.79011019779,230,0.7187396178535302,689.3104121026903,3,7,0
18112074,8310.390810898709,474,0.7324010490583791,252.31192706968707,0,8,0
28967438,3243.561333979697,934,0.5149333499132595,307.7709052931491,1,1,0
22138391,9532.695523252814,353,0.1613628010553837,613.6379029893839,1,4,0
63050917,8269.487597414125,64,0.0835543375106897,897.9352934437369,4,6,0
34012790,6696.438169766893,511,0.019128966437287,809.9244203028993,2,5,0
66004002,1305.4429201402204,757,0.1657481769652207,583.1302190995835,2,5,0
31982813,4834.516828175915,509,0.8908555349831467,730.2217177572492,0,6,1
65616606,5110.464792982833,94,0.2415368417016817,364.8224702077987,3,2,0
39967940,2402.258447817263,37,0.3542713272172156,640.9655280987578,0,2,0
87822269,891.6574041570892,330,0.1053454844813331,466.181591127557,1,9,0
19742257,7789.563941669758,372,0.2223613047481702,189.9361364575609,1,8,0
62044151,1308.1470160315107,460,0.5192245707802051,701.7382738772571,2,7,0
13609736,5983.478430561569,453,0.6077526830956526,556.4646373488221,3,4,0
85169697,9370.84682144824,361,0.245352314166211,358.6215819535914,4,5,0
28161634,8773.441406720622,467,0.0577321592251172,911.3391900786308,3,9,0
27163810,2849.7509751176854,617,0.3910328691273986,20.934117826733267,1,0,0
96755840,8529.341511757526,203,0.2342033709263341,315.773151249496,4,9,0
22225855,103.29181059284512,588,0.2195539232298019,56.88139777764656,3,0,0
61424149,275.1093151712465,556,0.9598628027134553,766.5273162216272,3,3,0
82347195,6065.276322044363,902,0.6163004859257241,702.1074541137926,4,1,0
11135964,3711.502369530842,688,0.5568784431720959,331.352218736317,1,6,0
73446855,3925.962327475557,55,0.4157751035233219,675.662902207073,3,1,0
76318090,5687.9667977209365,849,0.4289443334301442,395.93722619594985,4,9,1
70203880,1998.64631035942,634,0.5409050038380808,756.2537914224343,1,1,0
12155748,2196.377971588236,435,0.6964298070361072,454.1836627367061,4,4,0
70676365,4897.555711486761,261,0.7021460961818294,412.2797278316656,4,3,0
88542651,7567.110089004244,562,0.1716939077054495,934.729915488301,3,7,0
41808285,6233.027738935118,848,0.500112752076627,250.87909989070025,1,3,0
64256930,3043.814977544705,579,0.4119580950341019,120.44733999656545,3,5,0
44427604,4360.33805733832,817,0.8705269662693842,584.5431132594582,0,4,0
18910852,1789.5811096449845,534,0.6314189212183764,969.3218122841788,0,1,0
82764242,838.835161937109,698,0.5325040664159818,377.8392137271866,1,7,0
48428026,7848.690803367077,208,0.1153946421789173,62.03676362878152,4,1,0
47617741,2727.3353509631265,161,0.6056378893234114,339.30526730956745,3,8,0
16941245,1859.8872397273567,852,0.1172039056802334,505.9316543195585,3,8,0
74770179,6947.018750136262,484,0.337206575565752,161.9230066322137,1,2,0
25876696,6218.711575443142,377,0.1428419648143318,658.102218056492,1,3,0
19451244,6368.577297533294,569,0.6920736470243689,997.7493890102006,0,7,1
84926168,2366.056587981475,801,0.2062521138361526,451.73947598144383,2,8,0
27606951,2403.190831770542,435,0.391859373188026,354.72855673021263,1,2,0
72056263,2285.9460348778275,105,0.8956747776187787,400.70416683446666,2,4,0
17021862,1820.150697056716,970,0.2043163833989703,115.14617839520112,1,7,0
18351245,6591.664358360397,608,0.5078050639587791,883.2736014262238,4,2,0
96448549,8495.357263969074,883,0.419271661166022,414.825655521352,4,6,0
46640608,7270.742949798946,521,0.0181240410457297,387.2744114248413,0,7,0
15345854,7941.726974229377,223,0.7927581135728128,659.6902729304743,0,9,0
21683982,4107.504447943478,191,0.0690459063145997,442.03342093112354,2,2,0
74365536,6575.350374182782,376,0.4742550209769536,648.2334688078461,1,1,0
67821848,3606.938780403268,980,0.5606782949389499,61.4462901307875,3,9,0
59875088,5302.495757489536,390,0.6284264566145871,813.7233437222275,0,6,0
80790126,4868.184980695137,798,0.6886316293078756,940.5039528794026,3,8,0
48187510,1851.1827369241585,613,0.2532723835227151,648.7653861593859,3,0,0
12609089,3932.079727322745,116,0.0099787766584493,954.5659288588108,1,2,0
62840397,9641.840527275275,963,0.723443662354912,151.4323143699633,2,4,1
27691444,2560.9445513779265,291,0.5356565993475786,477.4161894803537,1,2,0
10953959,1424.6569891669385,243,0.8361177032072488,601.8067339454473,0,0,0
54132455,4243.948154076959,694,0.8213883629006943,581.7366474211867,3,6,0
59818662,7924.343585015466,751,0.8433261677878832,401.46177908904326,1,6,0
20016389,5863.267474821725,942,0.4850946599795401,338.0844093662614,1,9,0
97255618,6841.650789658621,602,0.3336283958368656,126.8240225504188,1,7,0
21630982,1977.978996929304,809,0.79155820259137,391.7424505622782,0,4,0
60676914,6227.587110776443,291,0.4512941130292549,162.66081510548514,2,9,0
36704425,3302.65390962359,759,0.1834421964034345,734.3656764922184,1,4,1
71298111,8359.603322952198,312,0.8549740195614743,208.83093549459,0,4,0
55014515,6330.058179506288,677,0.8825598767723473,58.56530528453385,3,0,0
64869006,2068.677149975429,496,0.4663097561401701,552.3661378172343,4,9,0
8989857960,60000.0,43,0.13,497.0,0,3,1
